{
  "type" : "arObject",
  "data" : {
    "center" : [
      -0.0002612769603729248,
      0.25158146023750305,
      0.010364055633544922
    ],
    "scale" : [
      1,
      1,
      1
    ],
    "extent" : [
      0.89453977346420288,
      0.50307995080947876,
      0.80240273475646973
    ]
  }
}