{
  "type" : "arObject",
  "data" : {
    "center" : [
      -0.00020796060562133789,
      0.13699823617935181,
      -0.012807548046112061
    ],
    "scale" : [
      1,
      1,
      1
    ],
    "extent" : [
      0.73807942867279053,
      0.27164208889007568,
      0.77257454395294189
    ]
  }
}